class,accuracy
BACKGROUND_Google,0.6142857142857143
Faces,1.0
Faces_easy,0.8484848484848485
Leopards,0.9666666666666667
Motorbikes,0.975
accordion,1.0
airplanes,0.9166666666666666
anchor,0.3333333333333333
ant,0.3333333333333333
barrel,0.7142857142857143
bass,0.25
beaver,0.2857142857142857
binocular,0.2
bonsai,0.9473684210526315
brain,0.9333333333333333
brontosaurus,0.14285714285714285
buddha,0.7692307692307693
butterfly,0.5384615384615384
camera,0.7142857142857143
cannon,0.14285714285714285
car_side,1.0
ceiling_fan,0.7142857142857143
cellphone,0.7777777777777778
chair,0.3333333333333333
chandelier,0.8125
cougar_body,0.2857142857142857
cougar_face,0.6363636363636364
crab,0.0
crayfish,0.36363636363636365
crocodile,0.2857142857142857
crocodile_head,0.14285714285714285
cup,0.5
dalmatian,1.0
dollar_bill,0.75
dolphin,0.7
dragonfly,0.9
electric_guitar,0.36363636363636365
elephant,0.5555555555555556
emu,0.625
euphonium,0.6666666666666666
ewer,0.9230769230769231
ferry,0.7
flamingo,0.5
flamingo_head,0.2857142857142857
garfield,1.0
gerenuk,0.8
gramophone,0.8571428571428571
grand_piano,0.8666666666666667
hawksbill,0.6666666666666666
headphone,0.8571428571428571
hedgehog,0.75
helicopter,0.5384615384615384
ibis,0.8333333333333334
inline_skate,0.8
joshua_tree,0.9
kangaroo,0.3076923076923077
ketch,0.7058823529411765
lamp,0.6666666666666666
laptop,1.0
llama,0.75
lobster,0.3333333333333333
lotus,0.6
mandolin,0.8333333333333334
mayfly,0.6666666666666666
menorah,0.9230769230769231
metronome,0.4
minaret,0.9090909090909091
nautilus,0.875
octopus,0.4
okapi,0.5
pagoda,1.0
panda,1.0
pigeon,0.8333333333333334
pizza,0.875
platypus,0.2
pyramid,0.7777777777777778
revolver,0.9230769230769231
rhino,0.6666666666666666
rooster,0.5
saxophone,0.5
schooner,0.6666666666666666
scissors,0.6666666666666666
scorpion,0.46153846153846156
sea_horse,0.6666666666666666
snoopy,0.6
soccer_ball,1.0
stapler,0.5714285714285714
starfish,0.5384615384615384
stegosaurus,0.7777777777777778
stop_sign,0.8888888888888888
strawberry,0.8
sunflower,1.0
tick,1.0
trilobite,0.7692307692307693
umbrella,0.7272727272727273
watch,0.9444444444444444
water_lilly,0.5
wheelchair,0.6666666666666666
wild_cat,0.4
windsor_chair,0.875
wrench,0.5
yin_yang,0.8888888888888888
